{
  "skeptic": null,
  "advocate": null,
  "duration": 0.07426595687866211,
  "speedup_pct": 99.46952887943813
}